Url,Title,Description,Offer minimal price,Currency,Image url 1,Image url 2,Image url 3,Image url 4,Image url 5
https://grohe-russia.shop/?=off,	Официальный интернет-магазин немецкой сантехники GROHE,Летняя распродажа. С Dewalt от идеи до результата за один сезон! Скидки до -80%,,,,,,,
https://grohe-russia.shop/aksessuary/ajeratory,	Аэраторы GROHE в официальном интернет-магазине,	Аэраторы и насадки GROHE. Оригинал из Германии. Остерегайтесь подделок,,,,,,,
https://grohe-russia.shop/aksessuary/ventili/shopby/gh_type-uglovoy_ventil,	Угловые вентили GROHE в официальном интернет-магазине,	Угловые вентили GROHE. Гарантия 12 мес. Остерегайтесь подделок,,,,,,,
https://grohe-russia.shop/aksessuary/aksessuary-dlja-dusha-i-vannoj/shopby/gh_acc_type-polochka-polochka_dlya_dusha-polochka_dlya_polotenets-polochka_reshetka,	Полки для ванной GROHE в официальном интернет-магазине,	Полки для ванной GROHE. Большой ассортимент. Остерегайтесь подделок,,,,,,,
https://grohe-russia.shop/vannaya/vanny,	Ванны GROHE в официальном интернет-магазине,	Ванны GROHE. Доставка по РФ. Рассрочка 0%. Остерегайтесь подделок,,,,,,,
https://grohe-russia.shop/wc/keramika/shopby/gh_type-bide,	Биде GROHE в официальном интернет-магазине,	Биде GROHE. Оригинал из Германии. Гарантия 12 мес. Остерегайтесь подделок,,,,,,,
https://grohe-russia.shop/aksessuary/kartridzhi-kran-buksy,	Картриджи GROHE в официальном интернет-магазине,	Картриджи и кран-буксы GROHE. Сервисный центр. Остерегайтесь подделок,,,,,,,
https://grohe-russia.shop/aksessuary/slivnye-garnitury,	Сливные гарнитуры GROHE в официальном интернет-магазине,	Сливные гарнитуры GROHE. Гарантия 12 мес. Остерегайтесь подделок,,,,,,,
https://grohe-russia.shop/aksessuary/prochee,	Переключатели GROHE в официальном интернет-магазине,	Переключатели и дивертеры GROHE. Сервисный центр. Остерегайтесь подделок,,,,,,,
https://grohe-russia.shop/kuhnja/grohe-blue,	GROHE Blue для питьевой воды — официальный магазин,	Фильтры GROHE Blue. Доставка по РФ. Гарантия 12 мес. Остерегайтесь подделок,,,,,,,
https://grohe-russia.shop/wc/paneli-smiva,	Панели смыва GROHE в официальном интернет-магазине,	Панели смыва GROHE. Большой ассортимент. Остерегайтесь подделок,,,,,,,
https://grohe-russia.shop/,	Официальный интернет-магазин немецкой сантехники GROHE,	Сантехника GROHE. Оригинал. Рассрочка 0%. Остерегайтесь подделок,,,,,,,
https://grohe-russia.shop/vannaya/polotencesushiteli-aquatek/shopby/all_type-polotentsesushitel_elektricheskiy-polotentsesushitel_vodyanoy,	Полотенцесушители GROHE в официальном интернет-магазине,	Полотенцесушители. Доставка по РФ. Гарантия 12 мес. Остерегайтесь подделок,,,,,,,
https://grohe-russia.shop/wc/sistemy-installjacii,	Инсталляции GROHE в официальном интернет-магазине,	Инсталляции GROHE. Только оригинал из Германии. Остерегайтесь подделок,,,,,,,
https://grohe-russia.shop/gotovye-nabory,	Готовые комплекты GROHE в официальном интернет-магазине,	Готовые наборы GROHE. Оформление за 30 секунд. Остерегайтесь подделок,,,,,,,
https://grohe-russia.shop/kuhnja/moyki,	Мойки для кухни GROHE в официальном интернет-магазине,	Мойки для кухни GROHE. Доставка по РФ. Рассрочка 0%. Остерегайтесь подделок,,,,,,,
https://grohe-russia.shop/wc/keramika,	Микролифты GROHE в официальном интернет-магазине,	Микролифты GROHE. Большой ассортимент. Остерегайтесь подделок,,,,,,,
https://grohe-russia.shop/vannaya/smesiteli-dlja-vannoj,	Смесители для ванны GROHE в официальном магазине,	Смесители для ванны GROHE. Возможна рассрочка 0%. Остерегайтесь подделок,,,,,,,
https://grohe-russia.shop/wc/smesiteli-dlja-bide,	Смесители для биде GROHE в официальном магазине,	Смесители для биде GROHE. Гарантия 12 мес. Остерегайтесь подделок,,,,,,,
https://grohe-russia.shop/wc/gigienicheskie-dushi,	Гигиенические души GROHE в официальном интернет-магазине,	Гигиенические души GROHE. Оригинал. Доставка по РФ. Остерегайтесь подделок,,,,,,,
https://grohe-russia.shop/kuhnja/smesiteli-dlja-kuhni,	Смесители для кухни GROHE в официальном магазине,	Смесители для кухни GROHE. Доставка по РФ. Рассрочка 0%. Остерегайтесь подделок,,,,,,,
https://grohe-russia.shop/vannaya/beskontaktnye-smesiteli,	Бесконтактные смесители GROHE в официальном магазине,	Бесконтактные смесители GROHE. Сервисный центр. Остерегайтесь подделок,,,,,,,
https://grohe-russia.shop/dush/smesiteli-dlja-dusha,	Смесители для душа GROHE в официальном интернет-магазине,	Смесители для душа GROHE. Возможна рассрочка 0%. Остерегайтесь подделок,,,,,,,
https://grohe-russia.shop/dush/vstraivaemye-smesiteli-i-termostati/shopby/gh_type-smesitel,	Купить встраиваемые смесители для душа GROHE,	Смесители для душа GROHE. Возможна рассрочка 0%. Остерегайтесь подделок,,,,,,,
https://grohe-russia.shop/vannaya/smesiteli-dlja-rakoviny,	Смесители для раковины GROHE в официальном магазине,	Смесители для раковины GROHE. Большой ассортимент. Остерегайтесь подделок,,,,,,,
https://grohe-russia.shop/vannaya/smesiteli-dlja-vannoj-s-termostatom,	Термостаты для ванны GROHE в официальном магазине,	Термостаты для ванны GROHE. Гарантия 12 мес. Остерегайтесь подделок,,,,,,,
https://grohe-russia.shop/,	Сантехника GROHE в официальном интернет-магазине,	Сантехника GROHE. Большой ассортимент. Доставка по РФ. Остерегайтесь подделок,,,,,,,
https://grohe-russia.shop/dush/shtangi-derzhateli-i-podkljuchenija/shopby/gh_type-dushevaya_shtanga,	Душевые штанги GROHE в официальном интернет-магазине,	Душевые штанги и держатели GROHE. Доставка по РФ. Остерегайтесь подделок,,,,,,,
https://grohe-russia.shop/dush/ruchnoj-dush-dushevye-nabory,	Верхние души GROHE в официальном интернет-магазине,	Верхние души GROHE. Оригинал. Гарантия 12 мес. Остерегайтесь подделок,,,,,,,
https://grohe-russia.shop/dush/dushevye-shlangi,	Душевые шланги GROHE в официальном интернет-магазине,	Душевые шланги GROHE. Большой ассортимент. Остерегайтесь подделок,,,,,,,
https://grohe-russia.shop/dush,	Душ GROHE в официальном интернет-магазине,	Душ GROHE. Возможна рассрочка 0%. Остерегайтесь подделок,,,,,,,
https://grohe-russia.shop/dush/dushevye-sistemy,	Душевые системы GROHE в официальном интернет-магазине,	Душевые системы GROHE. Возможна рассрочка 0%. Остерегайтесь подделок,,,,,,,
https://grohe-russia.shop/dush/dush-poddon,	Душевые поддоны GROHE в официальном интернет-магазине,	Душевые поддоны GROHE. Доставка по РФ. Рассрочка 0%. Остерегайтесь подделок,,,,,,,
https://grohe-russia.shop/aksessuary/sifony,	Сифоны GROHE в официальном интернет-магазине,	Сифоны GROHE. Большой ассортимент. Доставка по РФ. Остерегайтесь подделок,,,,,,,
https://grohe-russia.shop/vannaya/keramika,	Раковины GROHE в официальном интернет-магазине,	Раковины GROHE. Доставка по РФ. Гарантия 12 мес. Остерегайтесь подделок,,,,,,,
https://grohe-russia.shop/aksessuary/aksessuary-dlja-dusha-i-vannoj,	Аксессуары для ванной GROHE в официальном магазине,	Аксессуары для ванной GROHE. Большой ассортимент. Остерегайтесь подделок,,,,,,,
https://grohe-russia.shop/vannaya/izlivi,	Купить изливы GROHE в официальном магазине,	Изливы для смесителей GROHE. Сервисный центр. Остерегайтесь подделок,,,,,,,
https://grohe-russia.shop/wc/keramika/shopby/gh_type-unitaz,	Унитазы GROHE в официальном интернет-магазине,	Унитазы GROHE. Оригинал из Германии. Доставка по РФ. Остерегайтесь подделок,,,,,,,
https://grohe-russia.shop/wc/keramika/shopby/gh_type-sidene,	Сиденья для унитаза GROHE в официальном магазине,	Сиденья для унитаза GROHE с микролифтом. Гарантия. Остерегайтесь подделок,,,,,,,
https://grohe-russia.shop/wc/keramika/shopby/gh_type-pissuar,	Писсуары GROHE в официальном интернет-магазине,	Писсуары GROHE. Большой ассортимент. Доставка по РФ. Остерегайтесь подделок,,,,,,,
https://grohe-russia.shop/aksessuary/ventili,	Вентили GROHE в официальном интернет-магазине,	Вентили GROHE. Сервисный центр. Гарантия 12 мес. Остерегайтесь подделок,,,,,,,
https://grohe-russia.shop/aksessuary/derzhatel-dlya-tualetnoi-bumagi,	Аксессуары GROHE в официальном интернет-магазине,	Сантехника GROHE. Оригинал. Рассрочка 0%. Остерегайтесь подделок,,,,,,,
https://grohe-russia.shop/vannaya/vanny/shopby/gh_tip_montazha-vstraivaemaya,	Ванны встраиваемые GROHE в официальном магазине,	Ванны встраиваемые GROHE. Гарантия 12 мес. Сервисный центр. Оригинал из Германии.,,,,,,,
https://grohe-russia.shop/wc/keramika/shopby/gh_tip_montazha_wc-podvesnoy/gh_type-bide,	Биде подвесные GROHE в официальном магазине,	Биде подвесные GROHE. Рассрочка 0%. Оригинал из Германии. Остерегайтесь подделок.,,,,,,,
https://grohe-russia.shop/wc/keramika/shopby/gh_type-sidene_bide,	Сиденья биде GROHE в официальном магазине,	Сиденья биде GROHE. Доставка по РФ. Оригинал из Германии. Остерегайтесь подделок.,,,,,,,
https://grohe-russia.shop/wc/keramika/shopby/gh_tip_smiva-kaskadnyy_pryamoy,	Унитазы с каскадным смывом GROHE в официальном магазине,	Унитазы с каскадным смывом GROHE. Рассрочка 0%. Гарантия 12 мес. Сервисный центр.,,,,,,,
https://grohe-russia.shop/wc/keramika/shopby/gh_tip_smiva-voronkoobraznyy_vodovorot,	Купить унитазы с водоворотным смывом GROHE,	Унитазы с водоворотным смывом GROHE. Остерегайтесь подделок. Большой ассортимент.,,,,,,,
https://grohe-russia.shop/wc/keramika/shopby/gh_dopoln_funkcii-antigryazevoe_pokrytie/gh_type-unitaz,	Купить унитазы с антигрязевым покрытием GROHE,	Унитазы с антигрязевым покрытием GROHE. Гарантия 12 мес. Остерегайтесь подделок.,,,,,,,
https://grohe-russia.shop/wc/keramika/shopby/gh_type-unitaz/gh_dopoln_funkcii-bezobodkovyy,	Безободковые унитазы GROHE в официальном магазине,	Безободковые унитазы GROHE. Доставка по РФ. Рассрочка 0%. Остерегайтесь подделок.,,,,,,,
https://grohe-russia.shop/wc/keramika/shopby/gh_type-unitaz/gh_dopoln_funkcii-bystrosemnoe_sidene,	Купить унитазы с быстросъёмным сиденьем GROHE,	Унитазы с быстросъёмным сиденьем GROHE. Гарантия 12 мес. Остерегайтесь подделок.,,,,,,,
https://grohe-russia.shop/wc/keramika/shopby/gh_type-unitaz/gh_dopoln_funkcii-sidene_s_mikroliftom,	Унитазы с микролифтом GROHE в официальном магазине,	Унитазы с микролифтом GROHE. Рассрочка 0%. Гарантия 12 мес. Оригинал из Германии.,,,,,,,
https://grohe-russia.shop/wc/keramika/shopby/gh_type-unitaz/gh_dopoln_funkcii-sistema_antivsplesk,	Унитазы с антивсплеском GROHE в официальном магазине,	Унитазы с антивсплеском GROHE. Доставка по РФ. Рассрочка 0%. Большой ассортимент.,,,,,,,
https://grohe-russia.shop/wc/keramika/shopby/gh_type-unitaz/gh_dopoln_funkcii-funktsiya_bide,	Унитазы с функцией биде GROHE в официальном магазине,	Унитазы с функцией биде GROHE. Доставка по РФ. Рассрочка 0%. Большой ассортимент.,,,,,,,
https://grohe-russia.shop/wc/keramika/shopby/gh_type-smyvnoy_bachok/gh_tip_montazha_wc-napolnyy,	Смывные бачки напольные GROHE в официальном магазине,	Смывные бачки напольные GROHE. Доставка по РФ. Рассрочка 0%. Большой ассортимент.,,,,,,,
https://grohe-russia.shop/wc/keramika/shopby/gh_type-smyvnoy_bachok/gh_tip_montazha_wc-podvesnoy,	Смывные бачки подвесные GROHE в официальном магазине,	Смывные бачки подвесные GROHE. Доставка по РФ. Рассрочка 0%. Большой ассортимент.,,,,,,,
https://grohe-russia.shop/kuhnja/filtry-i-komplektuyushchie-grohe-blue-i-grohe-red/shopby/gh_design_cut-grohe_blue/gh_type-golovka_filtra,	GROHE Blue — головки фильтра — официальный магазин,	GROHE Blue — головки фильтра. Доставка по РФ. Рассрочка 0%. Оригинал из Германии.,,,,,,,
https://grohe-russia.shop/kuhnja/filtry-i-komplektuyushchie-grohe-blue-i-grohe-red/shopby/gh_design_cut-grohe_blue/gh_type-ballon_s_uglekislym_gazom,	Купить GROHE Blue — баллоны с CO2 — официальный магазин,	GROHE Blue — баллоны с CO2. Доставка по РФ. Рассрочка 0%. Остерегайтесь подделок.,,,,,,,
https://grohe-russia.shop/kuhnja/filtry-i-komplektuyushchie-grohe-blue-i-grohe-red/shopby/gh_type-filtr-smennyy_filtr,	Купить сменные фильтры GROHE Blue — официальный магазин,	Сменные фильтры GROHE Blue. Доставка по РФ. Рассрочка 0%. Остерегайтесь подделок.,,,,,,,
https://grohe-russia.shop/kuhnja/grohe-blue/shopby/gh_type-smesitel,	Купить смесители GROHE Blue — официальный магазин,	Смесители GROHE Blue. Рассрочка 0%. Оригинал из Германии. Остерегайтесь подделок.,,,,,,,
https://grohe-russia.shop/kuhnja/grohe-blue/shopby/gh_type-kran_dlya_holodnoy_vody,	Купить краны GROHE Blue — официальный магазин,	Краны GROHE Blue. Рассрочка 0%. Оригинал из Германии. Остерегайтесь подделок.,,,,,,,
https://grohe-russia.shop/kuhnja/grohe-blue/shopby/gh_upravlenie_smesitel-richazhnoe,	Купить GROHE Blue однорычажные — официальный магазин,	GROHE Blue однорычажные. Доставка по РФ. Гарантия 12 мес. Остерегайтесь подделок.,,,,,,,
https://grohe-russia.shop/kuhnja/grohe-blue/shopby/gh_out_flow-vityazhnoi,	GROHE Blue с вытяжным изливом — официальный магазин,	GROHE Blue с вытяжным изливом. Доставка по РФ. Рассрочка 0%. Большой ассортимент.,,,,,,,
https://grohe-russia.shop/wc/sistemy-installjacii/shopby/gh_type-sistema_installyatsii_dlya_rakoviny,	Инсталляции для раковины GROHE в официальном магазине,	Инсталляции для раковины GROHE. Доставка по РФ. Гарантия 12 мес. Сервисный центр.,,,,,,,
https://grohe-russia.shop/wc/sistemy-installjacii/shopby/gh_type-sistema_installyatsii_dlya_bide,	Инсталляции для биде GROHE в официальном магазине,	Инсталляции для биде GROHE. Доставка по РФ. Рассрочка 0%. Остерегайтесь подделок.,,,,,,,
https://grohe-russia.shop/wc/sistemy-installjacii/shopby/gh_type-smyvnoy_bachok,	Купить смывные бачки для инсталляции GROHE,	Смывные бачки для инсталляции GROHE. Остерегайтесь подделок. Большой ассортимент.,,,,,,,
https://grohe-russia.shop/wc/sistemy-installjacii/shopby/gh_type-sistema_installyatsii_dlya_pissuara,	Инсталляции для писсуара GROHE в официальном магазине,	Инсталляции для писсуара GROHE. Доставка по РФ. Гарантия 12 мес. Сервисный центр.,,,,,,,
https://grohe-russia.shop/wc/sistemy-installjacii-s-unitazom/shopby/gh_type-sistema_installyatsii_s_unitazom,	Инсталляции с унитазом GROHE в официальном магазине,	Инсталляции с унитазом GROHE. Доставка по РФ. Рассрочка 0%. Оригинал из Германии.,,,,,,,
https://grohe-russia.shop/wc/sistemy-installjacii-s-unitazom/shopby/gh_type-sistema_installyatsii_s_unitazom_i_rakovinoy,	Инсталляции с унитазом и раковиной GROHE в магазине,	Инсталляции с унитазом и раковиной GROHE. Доставка по РФ. Гарантия 12 мес.,,,,,,,
https://grohe-russia.shop/gotovye-nabory/gotovye-nabory-dlja-vannoj-komnaty,	Готовые наборы для ванной GROHE в официальном магазине,	Готовые наборы для ванной GROHE. Рассрочка 0%. Гарантия 12 мес. Сервисный центр.,,,,,,,
https://grohe-russia.shop/gotovye-nabory/gotovye-nabory-dlja-dusha,	Готовые наборы для душа GROHE в официальном магазине,	Готовые наборы для душа GROHE. Доставка по РФ. Рассрочка 0%. Большой ассортимент.,,,,,,,
https://grohe-russia.shop/gotovye-nabory/gotovye-nabory-dlja-kuhni,	Готовые комплекты для кухни GROHE в официальном магазине,	Комплекты для кухни GROHE. Доставка по РФ. Гарантия 12 мес. Сервисный центр.,,,,,,,
https://grohe-russia.shop/gotovye-nabory/nabori-s-installyaciyami-i-unitazami,	Купить комплекты с инсталляцией и унитазом GROHE,	Комплекты с инсталляцией и унитазом GROHE. Доставка по РФ. Гарантия 12 мес.,,,,,,,
https://grohe-russia.shop/gotovye-nabory/nabori-s-unitazami,	Наборы с унитазами GROHE в официальном магазине,	Наборы с унитазами GROHE. Гарантия 12 мес. Сервисный центр. Оригинал из Германии.,,,,,,,
https://grohe-russia.shop/gotovye-nabory/nabori-dlya-bide-s-gigienicheskim-dushem,	Купить комплекты биде с гигиеническим душем GROHE,	Комплекты биде с гигиеническим душем GROHE. Гарантия 12 мес. Сервисный центр.,,,,,,,
https://grohe-russia.shop/gotovye-nabory/nabori-s-rakovinoi,	Комплекты с раковиной GROHE в официальном магазине,	Комплекты с раковиной GROHE. Доставка по РФ. Гарантия 12 мес. Сервисный центр.,,,,,,,
https://grohe-russia.shop/vannaya/smesiteli-dlja-vannoj/shopby/gh_type-smesitel_s_dushevym_garniturom,	Купить смесители для ванной с гарнитуром GROHE,	Смесители для ванной с гарнитуром GROHE. Гарантия 12 мес. Остерегайтесь подделок.,,,,,,,
https://grohe-russia.shop/vannaya/smesiteli-dlja-vannoj/shopby/gh_type-vneshnyaya_chast_smesitelya,	Купить внешнюю часть смесителя для ванной GROHE,	Внешняя часть смесителя для ванной GROHE. Доставка по РФ. Остерегайтесь подделок.,,,,,,,
https://grohe-russia.shop/vannaya/smesiteli-dlja-vannoj/shopby/gh_out_flow-povorotnii,	Купить смесители для ванной с поворотным изливом GROHE,	Смесители для ванной с поворотным изливом GROHE. Доставка по РФ. Гарантия 12 мес.,,,,,,,
https://grohe-russia.shop/vannaya/smesiteli-dlja-vannoj/shopby/gh_upravlenie_smesitel-ventilnoe,	Купить смесители для ванной вентильные GROHE,	Смесители для ванной вентильные GROHE. Оригинал из Германии. Большой ассортимент.,,,,,,,
https://grohe-russia.shop/wc/smesiteli-dlja-bide/shopby/gh_upravlenie_smesitel-richazhnoe,	Купить однорычажные смесители для биде GROHE,	Однорычажные смесители для биде GROHE. Оригинал из Германии. Большой ассортимент.,,,,,,,
https://grohe-russia.shop/wc/gigienicheskie-dushi/shopby/gh_type-smesitel_s_gigienicheskim_dushem,	Купить смесители с гигиеническим душем GROHE,	Смесители с гигиеническим душем GROHE. Оригинал из Германии. Большой ассортимент.,,,,,,,
https://grohe-russia.shop/kuhnja/smesiteli-dlja-kuhni/shopby/gh_upravlenie_smesitel-richazhnoe,	Купить однорычажные смесители для кухни GROHE,	Однорычажные смесители для кухни GROHE. Гарантия 12 мес. Остерегайтесь подделок.,,,,,,,
https://grohe-russia.shop/kuhnja/smesiteli-dlja-kuhni/shopby/gh_upravlenie_smesitel-smartcontrol,	Купить смесители для кухни SmartControl GROHE,	Смесители для кухни SmartControl GROHE. Гарантия 12 мес. Остерегайтесь подделок.,,,,,,,
https://grohe-russia.shop/kuhnja/smesiteli-dlja-kuhni/shopby/gh_upravlenie_smesitel-sensornoe,	Купить сенсорные смесители для кухни GROHE,	Сенсорные смесители для кухни GROHE. Остерегайтесь подделок. Большой ассортимент.,,,,,,,
https://grohe-russia.shop/kuhnja/smesiteli-dlja-kuhni/shopby/gh_out_flow-povorotnii,	Купить смесители для кухни с поворотным изливом GROHE,	Смесители для кухни с поворотным изливом GROHE. Гарантия 12 мес. Сервисный центр.,,,,,,,
https://grohe-russia.shop/kuhnja/smesiteli-dlja-kuhni/shopby/gh_out_flow-vityazhnoi,	Купить смесители для кухни с выдвижным изливом GROHE,	Смесители для кухни с выдвижным изливом GROHE. Рассрочка 0%. Гарантия 12 мес.,,,,,,,
https://grohe-russia.shop/kuhnja/smesiteli-dlja-kuhni/shopby/gh_out_flow-gibkii,	Купить смесители для кухни с гибким изливом GROHE,	Смесители для кухни с гибким изливом GROHE. Доставка по РФ. Оригинал из Германии.,,,,,,,
https://grohe-russia.shop/vannaya/smesiteli-dlja-rakoviny/shopby/gh_type-vneshnyaya_chast_smesitelya/,	Купить внешнюю часть смесителя для раковины GROHE,	Внешняя часть смесителя для раковины GROHE. Доставка по РФ. Оригинал из Германии.,,,,,,,
https://grohe-russia.shop/vannaya/smesiteli-dlja-rakoviny/shopby/gh_type-smesitel_s_gigienicheskim_dushem,	Смесители для раковины с гигиеническим душем GROHE,	Смесители для раковины с гигиеническим душем GROHE. Доставка по РФ. Рассрочка 0%.,,,,,,,
https://grohe-russia.shop/vannaya/smesiteli-dlja-rakoviny/shopby/gh_upravlenie_smesitel-richazhnoe,	Купить однорычажные смесители для раковины GROHE,	Однорычажные смесители для раковины GROHE. Гарантия 12 мес. Оригинал из Германии.,,,,,,,
https://grohe-russia.shop/vannaya/smesiteli-dlja-rakoviny/shopby/gh_upravlenie_smesitel-ventilnoe,	Купить смесители для раковины вентильные GROHE,	Смесители для раковины вентильные GROHE. Гарантия 12 мес. Остерегайтесь подделок.,,,,,,,
https://grohe-russia.shop/vannaya/smesiteli-dlja-rakoviny/shopby/gh_upravlenie_smesitel-dzhoistik,	Купить смесители для раковины джойстик GROHE,	Смесители для раковины джойстик GROHE. Оригинал из Германии. Большой ассортимент.,,,,,,,
https://grohe-russia.shop/vannaya/smesiteli-dlja-rakoviny/shopby/gh_type-kran_dlya_holodnoy_vody,	Купить краны для раковины холодной воды GROHE,	Краны для раковины холодной воды GROHE. Гарантия 12 мес. Остерегайтесь подделок.,,,,,,,
https://grohe-russia.shop/kuhnja/smesiteli-dlja-kuhni/shopby/gh_type-termostat,	Термостаты для кухни GROHE в официальном магазине,	Термостаты для кухни GROHE. Доставка по РФ. Рассрочка 0%. Остерегайтесь подделок.,,,,,,,
https://grohe-russia.shop/vannaya/smesiteli-dlja-rakoviny/shopby/gh_type-termostat,	Термостаты для раковины GROHE в официальном магазине,	Термостаты для раковины GROHE. Доставка по РФ. Рассрочка 0%. Большой ассортимент.,,,,,,,
https://grohe-russia.shop/vannaya/smesiteli-dlja-vannoj-s-termostatom/shopby/gh_upravlenie_smesitel-smartcontrol,	Купить термостаты для ванной SmartControl GROHE,	Термостаты для ванной SmartControl GROHE. Доставка по РФ. Остерегайтесь подделок.,,,,,,,
https://grohe-russia.shop/vannaya/beskontaktnye-smesiteli/shopby/gh_type-termostat,	Бесконтактные термостаты GROHE в официальном магазине,	Бесконтактные термостаты GROHE. Доставка по РФ. Гарантия 12 мес. Сервисный центр.,,,,,,,
https://grohe-russia.shop/vannaya/beskontaktnye-smesiteli/shopby/gh_type-kran_dlya_holodnoy_vody,	Бесконтактные краны GROHE в официальном магазине,	Бесконтактные краны GROHE. Доставка по РФ. Гарантия 12 мес. Оригинал из Германии.,,,,,,,
https://grohe-russia.shop/vannaya/izlivi/shopby/gh_type-izliv_dlya_vanny,	Изливы для ванны GROHE в официальном магазине,	Изливы для ванны GROHE. Гарантия 12 мес. Сервисный центр. Остерегайтесь подделок.,,,,,,,
https://grohe-russia.shop/vannaya/izlivi/shopby/gh_type-izliv_dlya_vanny_i_dusha,	Изливы для ванны и душа GROHE в официальном магазине,	Изливы для ванны и душа GROHE. Доставка по РФ. Рассрочка 0%. Большой ассортимент.,,,,,,,
https://grohe-russia.shop/vannaya/izlivi/shopby/gh_type-izliv_dlya_smesitelya/,	Изливы для смесителя GROHE в официальном магазине,	Изливы для смесителя GROHE. Доставка по РФ. Рассрочка 0%. Остерегайтесь подделок.,,,,,,,
https://grohe-russia.shop/dush/dushevye-sistemy/shopby/gh_montazh-vstraivaemyy,	Купить встраиваемые душевые системы GROHE,	Встраиваемые душевые системы GROHE. Оригинал из Германии. Остерегайтесь подделок.,,,,,,,
https://grohe-russia.shop/dush/dushevye-sistemy/shopby/gh_dush_smesitel-bez_smesitelya,	Купить душевые системы без смесителя GROHE,	Душевые системы без смесителя GROHE. Остерегайтесь подделок. Большой ассортимент.,,,,,,,
https://grohe-russia.shop/dush/dushevye-sistemy/shopby/gh_dush_smesitel-est,	Купить душевые системы со смесителем GROHE,	Душевые системы со смесителем GROHE. Остерегайтесь подделок. Большой ассортимент.,,,,,,,
https://grohe-russia.shop/dush/dushevye-sistemy/shopby/gh_dush_smesitel-termostat,	Купить душевые системы с термостатом GROHE,	Душевые системы с термостатом GROHE. Остерегайтесь подделок. Большой ассортимент.,,,,,,,
https://grohe-russia.shop/dush/dushevye-sistemy/shopby/gh_dush_smesitel-termostat/gh_montazh-vstraivaemyy,	Купить встраиваемые душевые системы с термостатом GROHE,	Встраиваемые душевые системы с термостатом GROHE. Рассрочка 0%. Гарантия 12 мес.,,,,,,,
https://grohe-russia.shop/dush/dushevye-sistemy/shopby/gh_montazh-vstraivaemyy/gh_dush_smesitel-est,	Купить встраиваемые душевые системы со смесителем GROHE,	Встраиваемые душевые системы со смесителем GROHE. Рассрочка 0%. Гарантия 12 мес.,,,,,,,
https://grohe-russia.shop/dush/dushevye-sistemy/shopby/gh_upravlenie_smesitel-richazhnoe,	Купить душевые системы однорычажные GROHE,	Душевые системы однорычажные GROHE. Оригинал из Германии. Остерегайтесь подделок.,,,,,,,
https://grohe-russia.shop/dush/dushevye-sistemy/shopby/gh_upravlenie_smesitel-mehanicheskoe,	Купить душевые системы с переключателем GROHE,	Душевые системы с переключателем GROHE. Гарантия 12 мес. Остерегайтесь подделок.,,,,,,,
https://grohe-russia.shop/dush/dushevye-garnitury,	Душевые гарнитуры GROHE в официальном магазине,	Душевые гарнитуры GROHE. Доставка по РФ. Гарантия 12 мес. Остерегайтесь подделок.,,,,,,,
https://grohe-russia.shop/dush/smesiteli-dlja-dusha-s-termostatom,	Термостаты для душа GROHE в официальном магазине,	Термостаты для душа GROHE. Доставка по РФ. Гарантия 12 мес. Оригинал из Германии.,,,,,,,
https://grohe-russia.shop/dush/smesiteli-dlja-dusha-s-termostatom/shopby/gh_upravlenie_smesitel-smartcontrol,	Купить термостаты для душа SmartControl GROHE,	Термостаты для душа SmartControl GROHE. Гарантия 12 мес. Остерегайтесь подделок.,,,,,,,
https://grohe-russia.shop/dush/smesiteli-dlja-dusha-s-termostatom/shopby/gh_out_flow-otsutstvuet,	Купить термостаты для душа без излива GROHE,	Термостаты для душа без излива GROHE. Оригинал из Германии. Большой ассортимент.,,,,,,,
https://grohe-russia.shop/dush/smesiteli-dlja-dusha/shopby/gh_type-smesitel_s_dushevym_garniturom,	Смесители для душа с лейкой GROHE в официальном магазине,	Смесители для душа с лейкой GROHE. Доставка по РФ. Рассрочка 0%. Гарантия 12 мес.,,,,,,,
https://grohe-russia.shop/dush/smesiteli-dlja-dusha/shopby/gh_type-vneshnyaya_chast_smesitelya,	Купить внешнюю часть смесителя для душа GROHE,	Внешняя часть смесителя для душа GROHE. Гарантия 12 мес. Остерегайтесь подделок.,,,,,,,
https://grohe-russia.shop/dush/smesiteli-dlja-dusha/shopby/gh_upravlenie_smesitel-richazhnoe,	Купить однорычажные смесители для душа GROHE,	Однорычажные смесители для душа GROHE. Оригинал из Германии. Большой ассортимент.,,,,,,,
https://grohe-russia.shop/dush/smesiteli-dlja-dusha/shopby/gh_upravlenie_smesitel-ventilnoe,	Купить смесители для душа вентильные GROHE,	Смесители для душа вентильные GROHE. Остерегайтесь подделок. Большой ассортимент.,,,,,,,
https://grohe-russia.shop/dush/vstraivaemye-smesiteli-i-termostati/shopby/gh_type-vneshnyaya_chast_smesitelya,	Купить внешнюю часть встраиваемого смесителя GROHE,	Внешняя часть встраиваемого смесителя GROHE. Доставка по РФ. Большой ассортимент.,,,,,,,
https://grohe-russia.shop/dush/vstraivaemye-smesiteli-i-termostati/shopby/gh_upravlenie_smesitel-richazhnoe/gh_type-smesitel,	Встраиваемые однорычажные смесители для душа GROHE,	Встраиваемые однорычажные смесители для душа GROHE. Доставка по РФ. Рассрочка 0%.,,,,,,,
https://grohe-russia.shop/dush/vstraivaemye-smesiteli-i-termostati/shopby/gh_upravlenie_smesitel-termostat,	Купить встраиваемые термостаты для душа GROHE,	Встраиваемые термостаты для душа GROHE. Гарантия 12 мес. Остерегайтесь подделок.,,,,,,,
https://grohe-russia.shop/dush/vstraivaemye-smesiteli-i-termostati/shopby/gh_type-vneshnyaya_chast_pereklyuchatelya_potokov,	Купить внешнюю часть переключателя потоков GROHE,	Внешняя часть переключателя потоков GROHE. Оригинал из Германии. Гарантия 12 мес.,,,,,,,
https://grohe-russia.shop/vannaya/vstraivaemye-smesiteli-i-termostati/shopby/gh_type-vneshnyaya_chast_smesitelya,	Купить встраиваемые смесители для ванны GROHE,	Смесители для ванны GROHE. Возможна рассрочка 0%. Остерегайтесь подделок,,,,,,,
https://grohe-russia.shop/vannaya/smesiteli-dlja-vannoj/shopby/gh_upravlenie_smesitel-richazhnoe,	Купить однорычажные смесители для ванны GROHE,	Смесители для ванны GROHE. Возможна рассрочка 0%. Остерегайтесь подделок,,,,,,,
https://grohe-russia.shop/vannaya/beskontaktnye-smesiteli/shopby/gh_type-smesitel,	Купить сенсорные смесители для раковины GROHE,	Сенсорные смесители для раковины GROHE. Остерегайтесь подделок. Большой ассортимент.,,,,,,,
https://grohe-russia.shop/vannaya/smesiteli-dlja-rakoviny/shopby/gh_type-vneshnyaya_chast_smesitelya,	Купить встраиваемые смесители для раковины GROHE,	Встраиваемые смесители для раковины GROHE. Оригинал из Германии. Гарантия 12 мес.,,,,,,,
https://grohe-russia.shop/vannaya/izlivi/shopby/gh_type-izliv_dlya_smesitelya,	Кухонные изливы GROHE в официальном магазине,	Кухонные изливы GROHE. Остерегайтесь подделок. Большой ассортимент.,,,,,,,
https://grohe-russia.shop/wc/keramika/shopby/gh_type-unitaz/gh_dopoln_funkcii-gotovoe_reshenie,	Унитазы с бачком GROHE в официальном интернет-магазине,	Унитазы GROHE с бачком. Остерегайтесь подделок. Большой ассортимент.,,,,,,,
https://grohe-russia.shop/wc/sistemy-installjacii/shopby/gh_panel_smyva_v_komplekte-da,	Инсталляции с кнопкой смыва GROHE в официальном магазине,	Инсталляции с кнопкой смыва GROHE. Оригинал из Германии. Гарантия 12 мес.,,,,,,,
https://grohe-russia.shop/gotovye-nabory/gotovye-nabory-dlja-dusha/shopby/gh_type-komplekt_smesiteley_s_garniturom,	Комплекты смесителей GROHE в официальном интернет-магазине,	Комплекты смесителей GROHE. Доставка по РФ. Рассрочка 0%. Гарантия 12 мес.,,,,,,,
https://grohe-russia.shop/wc/keramika/shopby/gh_type-unitaz/gh_tip_montazha_wc-podvesnoy,	Подвесные унитазы GROHE в официальном магазине,	Подвесные унитазы GROHE. Остерегайтесь подделок. Большой ассортимент.,,,,,,,
https://grohe-russia.shop/wc/keramika/shopby/gh_type-unitaz/gh_tip_montazha_wc-napolnyy,	Напольные унитазы GROHE в официальном магазине,	Напольные унитазы GROHE. Остерегайтесь подделок. Большой ассортимент.,,,,,,,
https://grohe-russia.shop/collections/atrio/shopby/gh_sostav_komplekta-smesitel-smesitel_dlya_vanny-smesitel_dlya_rakoviny,	Смесители Atrio в официальном интернет-магазине GROHE,	Смесители GROHE Atrio. Остерегайтесь подделок. Большой ассортимент. Рассрочка 0%.,,,,,,,
https://grohe-russia.shop/collections/bau-ceramic/shopby/gh_dopoln_funkcii-bezobodkovyy/gh_type-unitaz,	Унитазы Bau Ceramic безободковые в магазине GROHE,	Унитазы GROHE Bau Ceramic безободковые. Большой ассортимент. Доставка по РФ.,,,,,,,
https://grohe-russia.shop/collections/bau-ceramic/shopby/gh_sostav_komplekta-unitaz_podvesnoy/gh_type-unitaz,	Унитазы Bau Ceramic подвесные в фирменном магазине GROHE,	Унитазы GROHE Bau Ceramic подвесные. Оригинал из Германии. Доставка по РФ.,,,,,,,
https://grohe-russia.shop/gotovye-nabory/nabori-s-rakovinoi/shopby/gh_design_cut-bau_ceramic,	Смесители Bau Ceramic для раковины в магазине GROHE,	Смесители GROHE Bau Ceramic для раковины. Доставка по РФ. Рассрочка 0%.,,,,,,,
https://grohe-russia.shop/collections/bau-ceramic/shopby/gh_sostav_komplekta-unitaz_podvesnoy-unitaz_napolnyy/gh_dopoln_funkcii-sidene_s_mikroliftom/gh_type-unitaz,	Унитазы Bau Ceramic с микролифтом в магазине GROHE,	Унитазы GROHE Bau Ceramic с микролифтом. Рассрочка 0%. Гарантия 12 мес.,,,,,,,
https://grohe-russia.shop/collections/bau-ceramic/shopby/gh_sostav_komplekta-sidene/gh_type-sidene,	Сиденья для унитаза Bau Ceramic в магазине GROHE,	Сиденья для унитаза GROHE Bau Ceramic. Гарантия 12 мес. Сервисный центр.,,,,,,,
https://grohe-russia.shop/collections/bau-ceramic/shopby/gh_sostav_komplekta-unitaz_podvesnoy-unitaz_napolnyy/gh_type-unitaz,	Унитазы Bau Ceramic в фирменном интернет-магазине GROHE,	Унитазы GROHE Bau Ceramic. Остерегайтесь подделок. Большой ассортимент.,,,,,,,
https://grohe-russia.shop/collections/bauclassic/shopby/gh_sostav_komplekta-gigienicheskiy_dush,	Гигиенические души Bauclassic в фирменном магазине GROHE,	Гигиенические души GROHE Bauclassic. Остерегайтесь подделок. Большой ассортимент.,,,,,,,
https://grohe-russia.shop/dush/smesiteli-dlja-dusha/shopby/gh_design_cut-bauclassic,	Смесители Bauclassic для душа в фирменном магазине GROHE,	Смесители GROHE Bauclassic для душа. Большой ассортимент. Оригинал из Германии.,,,,,,,
https://grohe-russia.shop/collections/bauclassic/shopby/gh_sostav_komplekta-smesitel,	Смесители Bauclassic в фирменном интернет-магазине GROHE,	Смесители GROHE Bauclassic. Оригинал из Германии. Остерегайтесь подделок.,,,,,,,
https://grohe-russia.shop/collections/baucosmopolitane,	Смесители BauCosmopolitan в официальном магазине GROHE,	Смесители GROHE BauCosmopolitan. Доставка по РФ. Остерегайтесь подделок.,,,,,,,
https://grohe-russia.shop/collections/baucosmopolitane/shopby/gh_sostav_komplekta-smesitel,	Смесители BauCosmopolitan для раковины в магазине GROHE,	Смесители GROHE BauCosmopolitan для раковины. Рассрочка 0%. Гарантия 12 мес.,,,,,,,
https://grohe-russia.shop/collections/baucurve/shopby/gh_sostav_komplekta-gigienicheskiy_dush,	Гигиенические души BauCurve в официальном магазине GROHE,	Гигиенические души GROHE BauCurve. Гарантия 12 мес. Остерегайтесь подделок.,,,,,,,
https://grohe-russia.shop/collections/baucurve/shopby/gh_sostav_komplekta-smesitel_dlya_dusha,	Смесители BauCurve для душа в официальном магазине GROHE,	Смесители GROHE BauCurve для душа. Сервисный центр. Остерегайтесь подделок.,,,,,,,
https://grohe-russia.shop/collections/baucurve/shopby/gh_sostav_komplekta-smesitel,	Смесители BauCurve в официальном интернет-магазине GROHE,	Смесители GROHE BauCurve. Остерегайтесь подделок. Большой ассортимент.,,,,,,,
https://grohe-russia.shop/collections/baucurve/shopby/gh_sostav_komplekta-smesitel_dlya_vanny,	Смесители Bauedge для ванны в официальном магазине GROHE,	Смесители GROHE Bauedge для ванны. Большой ассортимент. Оригинал из Германии.,,,,,,,
https://grohe-russia.shop/collections/bauedge/shopby/gh_sostav_komplekta-gigienicheskiy_dush,	Гигиенические души Bauedge в официальном магазине GROHE,	Гигиенические души GROHE Bauedge. Оригинал из Германии. Доставка по РФ.,,,,,,,
https://grohe-russia.shop/dush/smesiteli-dlja-dusha/shopby/gh_design_cut-bauedge,	Смесители Bauedge для душа в официальном магазине GROHE,	Смесители GROHE Bauedge для душа. Доставка по РФ. Остерегайтесь подделок.,,,,,,,
https://grohe-russia.shop/collections/bauedge,	Комплекты Bauedge в официальном интернет-магазине GROHE,	Комплекты GROHE Bauedge. Остерегайтесь подделок. Оригинал из Германии.,,,,,,,
https://grohe-russia.shop/kuhnja/smesiteli-dlja-kuhni/shopby/gh_design_cut-bauedge,	Смесители Bauedge для кухни в официальном магазине GROHE,	Смесители GROHE Bauedge для кухни. Гарантия 12 мес. Остерегайтесь подделок.,,,,,,,
https://grohe-russia.shop/collections/bauedge/shopby/gh_sostav_komplekta-smesitel_dlya_rakoviny,	Смесители Bauedge для раковины в магазине GROHE,	Смесители GROHE Bauedge для раковины. Сервисный центр. Остерегайтесь подделок.,,,,,,,
https://grohe-russia.shop/collections/bauedge/shopby/gh_sostav_komplekta-smesitel,	Смесители Bauedge в официальном интернет-магазине GROHE,	Смесители GROHE Bauedge. Остерегайтесь подделок. Оригинал из Германии.,,,,,,,
https://grohe-russia.shop/collections/bauflow/shopby/gh_sostav_komplekta-smesitel_dlya_dusha,	Смесители Bauflow для душа в официальном магазине GROHE,	Смесители GROHE Bauflow для душа. Большой ассортимент. Оригинал из Германии.,,,,,,,
https://grohe-russia.shop/collections/bauflow/shopby/gh_sostav_komplekta-smesitel,	Смесители Bauflow в официальном интернет-магазине GROHE,	Смесители GROHE Bauflow. Оригинал из Германии. Остерегайтесь подделок.,,,,,,,
https://grohe-russia.shop/collections/bauloop/shopby/gh_sostav_komplekta-smesitel_dlya_rakoviny,	Смесители Bauloop для раковины в магазине GROHE,	Смесители GROHE Bauloop для раковины. Доставка по РФ. Гарантия 12 мес.,,,,,,,
https://grohe-russia.shop/collections/bauloop/shopby/gh_sostav_komplekta-smesitel,	Смесители Bauloop в официальном интернет-магазине GROHE,	Смесители GROHE Bauloop. Остерегайтесь подделок. Оригинал из Германии.,,,,,,,
https://grohe-russia.shop/collections/clova/shopby/gh_type-unitaz,	Унитазы Clova в официальном интернет-магазине GROHE,	Унитазы GROHE Clova. Гарантия 12 мес. Сервисный центр. Остерегайтесь подделок.,,,,,,,
https://grohe-russia.shop/collections/concetto/shopby/gh_sostav_komplekta-smesitel,	Смесители Concetto в официальном интернет-магазине GROHE,	Смесители GROHE Concetto. Остерегайтесь подделок. Большой ассортимент.,,,,,,,
https://grohe-russia.shop/vannaya/smesiteli-dlja-vannoj/shopby/gh_design_cut-costa_s-costa_l,	Смесители Costa для ванны в официальном магазине GROHE,	Смесители GROHE Costa для ванны. Остерегайтесь подделок. Большой ассортимент.,,,,,,,
https://grohe-russia.shop/dush/smesiteli-dlja-dusha/shopby/gh_design_cut-costa_s-costa_l,	Смесители Costa для душа в официальном магазине GROHE,	Смесители GROHE Costa для душа. Большой ассортимент. Оригинал из Германии.,,,,,,,
https://grohe-russia.shop/collections/costal/shopby/gh_sostav_komplekta-smesitel,	Смесители Costa в официальном интернет-магазине GROHE,	Смесители GROHE Costa. Оригинал из Германии. Доставка по РФ. Рассрочка 0%.,,,,,,,
https://grohe-russia.shop/vannaya/smesiteli-dlja-vannoj/shopby/gh_design_cut-essence,	Смесители Essence для ванны в официальном магазине GROHE,	Смесители GROHE Essence для ванны. Доставка по РФ. Остерегайтесь подделок.,,,,,,,
https://grohe-russia.shop/dush/smesiteli-dlja-dusha/shopby/gh_design_cut-essence,	Смесители Essence для душа в официальном магазине GROHE,	Смесители GROHE Essence для душа. Рассрочка 0%. Остерегайтесь подделок.,,,,,,,
https://grohe-russia.shop/vannaya/smesiteli-dlja-rakoviny/shopby/gh_design_cut-essence,	Смесители Essence для раковины в магазине GROHE,	Смесители GROHE Essence для раковины. Гарантия 12 мес. Сервисный центр.,,,,,,,
https://grohe-russia.shop/collections/essence/shopby/gh_sostav_komplekta-smesitel,	Смесители Essence в официальном интернет-магазине GROHE,	Смесители GROHE Essence. Остерегайтесь подделок. Оригинал из Германии.,,,,,,,
https://grohe-russia.shop/collections/euphoria/shopby/gh_sostav_komplekta-smesitel,	Смесители Euphoria для душа в официальном магазине GROHE,	Смесители GROHE Euphoria для душа. Остерегайтесь подделок. Большой ассортимент.,,,,,,,
https://grohe-russia.shop/collections/euphoria/shopby/gh_sostav_komplekta-dushevaya_stoyka,	Душевые системы Euphoria в официальном магазине GROHE,	Душевые системы GROHE Euphoria. Большой ассортимент. Оригинал из Германии.,,,,,,,
https://grohe-russia.shop/collections/euphoria/shopby/gh_sostav_komplekta-dushevaya_stoyka/gh_upravlenie_smesitel-termostat,	Душевые системы Euphoria с термостатом в магазине GROHE,	Душевые системы GROHE Euphoria с термостатом. Оригинал из Германии. Рассрочка 0%.,,,,,,,
https://grohe-russia.shop/collections/euphoria/shopby/gh_sostav_komplekta-dushevaya_stoyka/,	Душевые стойки Euphoria в официальном магазине GROHE,	Душевые стойки GROHE Euphoria. Доставка по РФ. Остерегайтесь подделок.,,,,,,,
https://grohe-russia.shop/collections/euphoria/shopby/gh_sostav_komplekta-termostat,	Термостаты Euphoria в фирменном интернет-магазине GROHE,	Термостаты GROHE Euphoria. Остерегайтесь подделок. Большой ассортимент.,,,,,,,
https://grohe-russia.shop/collections/euro-ceramic/shopby/gh_type-unitaz/gh_dopoln_funkcii-bezobodkovyy,	Унитазы Euro Ceramic безободковые в магазине GROHE,	Унитазы GROHE Euro Ceramic безободковые. Гарантия 12 мес. Сервисный центр.,,,,,,,
https://grohe-russia.shop/collections/euro-ceramic/shopby/gh_sostav_komplekta-unitaz_podvesnoy,	Унитазы Euro Ceramic подвесные в магазине GROHE,	Унитазы GROHE Euro Ceramic подвесные. Сервисный центр. Остерегайтесь подделок.,,,,,,,
https://grohe-russia.shop/collections/euro-ceramic/shopby/gh_type-unitaz/gh_dopoln_funkcii-sidene_s_mikroliftom,	Унитазы Euro Ceramic с микролифтом в магазине GROHE,	Унитазы GROHE Euro Ceramic с микролифтом. Остерегайтесь подделок. Доставка по РФ.,,,,,,,
https://grohe-russia.shop/wc/keramika/shopby/gh_type-sidene/gh_design_cut-euro_ceramic,	Сиденья и крышки Euro Ceramic в фирменном магазине GROHE,	Сиденья и крышки GROHE Euro Ceramic. Большой ассортимент. Оригинал из Германии.,,,,,,,
https://grohe-russia.shop/wc/keramika/shopby/gh_design_cut-euro_ceramic/gh_type-unitaz,	Унитазы Euro Ceramic в фирменном интернет-магазине GROHE,	Унитазы GROHE Euro Ceramic. Оригинал из Германии. Остерегайтесь подделок.,,,,,,,
https://grohe-russia.shop/wc/keramika/shopby/gh_design_cut-euro_ceramic/gh_type-unitaz/gh_tip_montazha_wc-napolnyy,	Унитазы Euro Ceramic напольные в магазине GROHE,	Унитазы GROHE Euro Ceramic напольные. Доставка по РФ. Гарантия 12 мес.,,,,,,,
https://grohe-russia.shop/vannaya/smesiteli-dlja-rakoviny/shopby/gh_design_cut-eurocube,	Смесители Eurocube для раковины в магазине GROHE,	Смесители GROHE Eurocube для раковины. Рассрочка 0%. Остерегайтесь подделок.,,,,,,,
https://grohe-russia.shop/collections/eurocube/shopby/gh_sostav_komplekta-smesitel,	Смесители Eurocube в официальном интернет-магазине GROHE,	Смесители GROHE Eurocube. Остерегайтесь подделок. Большой ассортимент.,,,,,,,
https://grohe-russia.shop/vannaya/smesiteli-dlja-vannoj-s-termostatom/shopby/gh_design_cut-grohtherm_cube,	Термостаты Grohtherm Cube в фирменном магазине GROHE,	Термостаты GROHE Eurocube. Остерегайтесь подделок. Большой ассортимент.,,,,,,,
https://grohe-russia.shop/collections/eurodisc/shopby/gh_sostav_komplekta-smesitel,	Смесители Eurodisc в официальном интернет-магазине GROHE,	Смесители GROHE Eurodisc. Остерегайтесь подделок. Большой ассортимент.,,,,,,,
https://grohe-russia.shop/kuhnja/smesiteli-dlja-kuhni/shopby/gh_design_cut-euroeco,	Смесители Euroeco для кухни в официальном магазине GROHE,	Смесители GROHE Euroeco для кухни. Большой ассортимент. Оригинал из Германии.,,,,,,,
https://grohe-russia.shop/vannaya/smesiteli-dlja-rakoviny/shopby/gh_design_cut-euroeco,	Смесители Euroeco для раковины в магазине GROHE,	Смесители GROHE Euroeco для раковины. Оригинал из Германии. Доставка по РФ.,,,,,,,
https://grohe-russia.shop/collections/euroeco/shopby/gh_sostav_komplekta-smesitel,	Смесители Euroeco в официальном интернет-магазине GROHE,	Смесители GROHE Euroeco. Остерегайтесь подделок. Оригинал из Германии.,,,,,,,
https://grohe-russia.shop/vannaya/smesiteli-dlja-vannoj/shopby/gh_design_cut-eurosmart,	Смесители Eurosmart для ванны в фирменном магазине GROHE,	Смесители GROHE Eurosmart для ванны. Рассрочка 0%. Остерегайтесь подделок.,,,,,,,
https://grohe-russia.shop/dush/smesiteli-dlja-dusha/shopby/gh_design_cut-eurosmart,	Смесители Eurosmart для душа — официальный магазин GROHE,	Смесители GROHE Eurosmart для душа. Гарантия 12 мес. Остерегайтесь подделок.,,,,,,,
https://grohe-russia.shop/collections/eurosmart/shopby/gh_sostav_komplekta-izliv,	Изливы Eurosmart в официальном интернет-магазине GROHE,	Изливы GROHE Eurosmart. Сервисный центр. Остерегайтесь подделок. Доставка по РФ.,,,,,,,
https://grohe-russia.shop/collections/eurosmart/shopby/gh_sostav_komplekta-smesitel_dlya_vanny-smesitel_dlya_rakoviny-smesitel_dlya_dusha-smesitel/gh_type-nabor-komplekt_smesiteley_s_garniturom-smesitel_s_gigienicheskim_dushem-smesitel_s_dushevym_garniturom-dushevaya_sistema-komplekt_smesiteley,	Комплекты Eurosmart в фирменном интернет-магазине GROHE,	Комплекты GROHE Eurosmart. Остерегайтесь подделок. Большой ассортимент.,,,,,,,
https://grohe-russia.shop/kuhnja/smesiteli-dlja-kuhni/shopby/gh_design_cut-eurosmart,	Смесители Eurosmart для кухни в фирменном магазине GROHE,	Смесители GROHE Eurosmart для кухни. Большой ассортимент. Оригинал из Германии.,,,,,,,
https://grohe-russia.shop/kuhnja/smesiteli-dlja-kuhni/shopby/gh_design_cut-eurosmart/gh_tip_montazha-na_moyku,	Смесители Eurosmart для мойки в фирменном магазине GROHE,	Смесители GROHE Eurosmart для мойки. Оригинал из Германии. Доставка по РФ.,,,,,,,
https://grohe-russia.shop/vannaya/smesiteli-dlja-rakoviny/shopby/gh_design_cut-eurosmart,	Смесители Eurosmart для раковины в магазине GROHE,	Смесители GROHE Eurosmart для раковины. Доставка по РФ. Гарантия 12 мес.,,,,,,,
https://grohe-russia.shop/collections/eurosmart/shopby/gh_sostav_komplekta-smesitel,	Смесители Eurosmart в фирменном интернет-магазине GROHE,	Смесители GROHE Eurosmart. Остерегайтесь подделок. Большой ассортимент.,,,,,,,
https://grohe-russia.shop/vannaya/smesiteli-dlja-vannoj/shopby/gh_design_cut-eurosmart_cosmopolitan,	Смесители Eurosmart Cosmopolitan для ванны — GROHE,	Смесители GROHE Eurosmart Cosmopolitan для ванны. Гарантия 12 мес. Рассрочка 0%.,,,,,,,
https://grohe-russia.shop/collections/eurosmart-cosmopolitan/shopby/gh_type-dushevaya_sistema,	Душевые системы Eurosmart Cosmopolitan в магазине GROHE,	Душевые системы GROHE Eurosmart Cosmopolitan. Сервисный центр. Доставка по РФ.,,,,,,,
https://grohe-russia.shop/vannaya/smesiteli-dlja-rakoviny/shopby/gh_design_cut-eurosmart_cosmopolitan,	Смесители Eurosmart Cosmopolitan для раковины — GROHE,	Смесители GROHE Eurosmart Cosmopolitan для раковины. Остерегайтесь подделок.,,,,,,,
https://grohe-russia.shop/collections/eurosmart-cosmopolitan/shopby/gh_sostav_komplekta-smesitel,	Смесители Eurosmart Cosmopolitan в магазине GROHE,	Смесители GROHE Eurosmart Cosmopolitan. Большой ассортимент. Доставка по РФ.,,,,,,,
https://grohe-russia.shop/vannaya/smesiteli-dlja-vannoj/shopby/gh_design_cut-eurostyle,	Смесители Eurostyle для ванны в фирменном магазине GROHE,	Смесители GROHE Eurostyle для ванны. Оригинал из Германии. Доставка по РФ.,,,,,,,
https://grohe-russia.shop/vannaya/smesiteli-dlja-rakoviny/shopby/gh_design_cut-eurostyle,	Смесители Eurostyle для раковины в магазине GROHE,	Смесители GROHE Eurostyle для раковины. Доставка по РФ. Гарантия 12 мес.,,,,,,,
https://grohe-russia.shop/collections/eurostyle/shopby/gh_sostav_komplekta-smesitel,	Смесители Eurostyle в фирменном интернет-магазине GROHE,	Смесители GROHE Eurostyle. Остерегайтесь подделок. Большой ассортимент.,,,,,,,
https://grohe-russia.shop/vannaya/smesiteli-dlja-vannoj-s-termostatom/shopby/gh_design_cut-grohtherm_800-grohtherm_800_cosmopolitan-grohtherm_1000-grohtherm_1000_performance-grohtherm_2000-grohtherm_cube-grohtherm_smartcontrol-grohtherm_special/,	Смесители Grohtherm для ванны в фирменном магазине GROHE,	Смесители GROHE Grohtherm для ванны. Гарантия 12 мес. Сервисный центр.,,,,,,,
https://grohe-russia.shop/vannaya/smesiteli-dlja-vannoj-s-termostatom/shopby/gh_design_cut-grohtherm_800-grohtherm_800_cosmopolitan-grohtherm_1000-grohtherm_1000_performance-grohtherm_2000-grohtherm_cube-grohtherm_smartcontrol-grohtherm_special/?tag=1,	Смесители Grohtherm для душа — официальный магазин GROHE,	Смесители GROHE Grohtherm для душа. Сервисный центр. Остерегайтесь подделок.,,,,,,,
https://grohe-russia.shop/collections/grohtherm-2000/shopby/gh_type-dushevaya_sistema,	Душевые системы Grohtherm в официальном магазине GROHE,	Душевые системы GROHE Grohtherm. Остерегайтесь подделок. Большой ассортимент.,,,,,,,
https://grohe-russia.shop/collections/grohtherm-2000/shopby/gh_type-dushevaya_sistema-dushevoy_komplekt,	Комплекты Grohtherm в фирменном интернет-магазине GROHE,	Комплекты GROHE Grohtherm. Большой ассортимент. Остерегайтесь подделок.,,,,,,,
https://grohe-russia.shop/vannaya/smesiteli-dlja-vannoj-s-termostatom/shopby/gh_design_cut-grohtherm_800-grohtherm_800_cosmopolitan-grohtherm_1000-grohtherm_1000_performance-grohtherm_2000-grohtherm_cube-grohtherm_smartcontrol-grohtherm_special/?tag=2,	Смесители Grohtherm в фирменном интернет-магазине GROHE,	Смесители GROHE Grohtherm. Оригинал из Германии. Остерегайтесь подделок.,,,,,,,
https://grohe-russia.shop/vannaya/smesiteli-dlja-vannoj-s-termostatom/shopby/gh_design_cut-grohtherm_800-grohtherm_800_cosmopolitan-grohtherm_1000-grohtherm_1000_performance-grohtherm_2000-grohtherm_cube-grohtherm_smartcontrol-grohtherm_special,	Термостаты Grohtherm в фирменном интернет-магазине GROHE,	Термостаты GROHE Grohtherm. Остерегайтесь подделок. Большой ассортимент.,,,,,,,
https://grohe-russia.shop/vannaya/smesiteli-dlja-rakoviny/shopby/gh_design_cut-lineare,	Смесители Lineare для раковины в магазине GROHE,	Смесители GROHE Lineare для раковины. Остерегайтесь подделок. Доставка по РФ.,,,,,,,
https://grohe-russia.shop/collections/lineare/shopby/gh_sostav_komplekta-smesitel,	Смесители Lineare в официальном интернет-магазине GROHE,	Смесители GROHE Lineare. Оригинал из Германии. Остерегайтесь подделок.,,,,,,,
https://grohe-russia.shop/kuhnja/smesiteli-dlja-kuhni/shopby/gh_design_cut-minta,	Смесители Minta для кухни в официальном магазине GROHE,	Смесители GROHE Minta для кухни. Доставка по РФ. Остерегайтесь подделок.,,,,,,,
https://grohe-russia.shop/kuhnja/smesiteli-dlja-kuhni/shopby/gh_design_cut-minta/gh_tip_montazha-na_moyku,	Смесители Minta для мойки в официальном магазине GROHE,	Смесители GROHE Minta для мойки. Рассрочка 0%. Остерегайтесь подделок.,,,,,,,
https://grohe-russia.shop/collections/minta/shopby/gh_sostav_komplekta-smesitel,	Смесители Minta в официальном интернет-магазине GROHE,	Смесители GROHE Minta. Гарантия 12 мес. Сервисный центр. Остерегайтесь подделок.,,,,,,,
https://grohe-russia.shop/collections/rainshower/shopby/gh_sostav_komplekta-verhniy_dush,	Верхние души Rainshower в официальном магазине GROHE,	Верхние души GROHE Rainshower. Сервисный центр. Остерегайтесь подделок.,,,,,,,
https://grohe-russia.shop/collections/rainshower,	Смесители Rainshower для душа в фирменном магазине GROHE,	Смесители GROHE Rainshower для душа. Остерегайтесь подделок. Большой ассортимент.,,,,,,,
https://grohe-russia.shop/wc/sistemy-installjacii/shopby/gh_design_cut-rapid_s-rapid_sl-rapid_slx/gh_type-sistema_installyatsii_dlya_bide,	Биде Rapid в официальном интернет-магазине GROHE,	Биде GROHE Rapid. Большой ассортимент. Оригинал из Германии. Доставка по РФ.,,,,,,,
https://grohe-russia.shop/wc/sistemy-installjacii/shopby/gh_design_cut-rapid_s-rapid_sl-rapid_slx,	Инсталляции Rapid в официальном интернет-магазине GROHE,	Инсталляции GROHE Rapid. Оригинал из Германии. Остерегайтесь подделок.,,,,,,,
https://grohe-russia.shop/wc/sistemy-installjacii-s-unitazom/shopby/gh_design_cut-rapid_slx-rapid_sl,	Инсталляции Rapid с унитазом — официальный магазин GROHE,	Инсталляции GROHE Rapid с унитазом. Доставка по РФ. Остерегайтесь подделок.,,,,,,,
https://grohe-russia.shop/wc/sistemy-installjacii-s-unitazom/shopby/gh_design_cut-rapid_slx-rapid_sl/,	Сиденья с микролифтом Rapid в официальном магазине GROHE,	Сиденья с микролифтом GROHE Rapid. Рассрочка 0%. Остерегайтесь подделок.,,,,,,,
https://grohe-russia.shop/wc/sistemy-installjacii-s-unitazom/shopby/gh_design_cut-rapid_slx-rapid_sl/?tag=1,	Унитазы Rapid в официальном интернет-магазине GROHE,	Унитазы GROHE Rapid. Гарантия 12 мес. Сервисный центр. Остерегайтесь подделок.,,,,,,,
https://grohe-russia.shop/wc/sistemy-installjacii-s-unitazom/shopby/gh_design_cut-rapid_slx-rapid_sl/?tag=2,	Унитазы Rapid безободковые в официальном магазине GROHE,	Унитазы GROHE Rapid безободковые. Сервисный центр. Остерегайтесь подделок.,,,,,,,
https://grohe-russia.shop/wc/sistemy-installjacii-s-unitazom/shopby/gh_design_cut-rapid_slx-rapid_sl/?tag=3,	Унитазы Rapid подвесные в официальном магазине GROHE,	Унитазы GROHE Rapid подвесные. Остерегайтесь подделок. Большой ассортимент.,,,,,,,
https://grohe-russia.shop/collections/rapid-sl,	Инсталляции Rapid SL в фирменном интернет-магазине GROHE,	Инсталляции GROHE Rapid SL. Большой ассортимент. Оригинал из Германии.,,,,,,,
https://grohe-russia.shop/collections/rapid-sl/shopby/gh_type-sistema_installyatsii_s_unitazom-sistema_installyatsii_s_unitazom_i_rakovinoy,	Инсталляции Rapid SL с унитазом в магазине GROHE,	Инсталляции GROHE Rapid SL с унитазом. Оригинал из Германии. Доставка по РФ.,,,,,,,
https://grohe-russia.shop/collections/rapid-sl/shopby/gh_type-sistema_installyatsii_s_unitazom-sistema_installyatsii_s_unitazom_i_rakovinoy/,	Унитазы Rapid SL в официальном интернет-магазине GROHE,	Унитазы GROHE Rapid SL. Доставка по РФ. Рассрочка 0%. Гарантия 12 мес.,,,,,,,
https://grohe-russia.shop/collections/rapid-sl/shopby/gh_type-sistema_installyatsii_s_unitazom-sistema_installyatsii_s_unitazom_i_rakovinoy/gh_sostav_komplekta-unitaz_podvesnoy,	Унитазы Rapid SL подвесные в официальном магазине GROHE,	Унитазы GROHE Rapid SL подвесные. Рассрочка 0%. Остерегайтесь подделок.,,,,,,,
https://grohe-russia.shop/collections/smartcontrol/shopby/gh_sostav_komplekta-dushevaya_stoyka-derzhatel_dlya_dusha-dushevaya_shtanga-ruchnoy_dush,	Душевые системы SmartControl — официальный магазин GROHE,	Душевые системы GROHE SmartControl. Гарантия 12 мес. Остерегайтесь подделок.,,,,,,,
https://grohe-russia.shop/collections/smartcontrol/shopby/gh_sostav_komplekta-smesitel,	Смесители SmartControl в официальном магазине GROHE,	Смесители GROHE SmartControl. Сервисный центр. Остерегайтесь подделок.,,,,,,,
https://grohe-russia.shop/vannaya/smesiteli-dlja-vannoj-s-termostatom/shopby/gh_upravlenie_smesitel-smartcontrol/,	Термостаты SmartControl в официальном магазине GROHE,	Термостаты GROHE SmartControl. Остерегайтесь подделок. Большой ассортимент.,,,,,,,
https://grohe-russia.shop/collections/solido/shopby/gh_sostav_komplekta-installyatsiya,	Инсталляции Solido в официальном интернет-магазине GROHE,	Инсталляции GROHE Solido. Большой ассортимент. Остерегайтесь подделок.,,,,,,,
https://grohe-russia.shop/collections/solido/shopby/gh_sostav_komplekta-installyatsiya/gh_type-sistema_installyatsii_s_unitazom-sistema_installyatsii_s_unitazom_i_rakovinoy,	Инсталляции Solido с унитазом в фирменном магазине GROHE,	Инсталляции GROHE Solido с унитазом. Оригинал из Германии. Доставка по РФ.,,,,,,,
https://grohe-russia.shop/collections/solido/shopby/gh_sostav_komplekta-installyatsiya/gh_type-sistema_installyatsii_s_unitazom-sistema_installyatsii_s_unitazom_i_rakovinoy/,	Унитазы Solido в официальном интернет-магазине GROHE,	Унитазы GROHE Solido. Рассрочка 0%. Гарантия 12 мес. Остерегайтесь подделок.,,,,,,,
https://grohe-russia.shop/collections/solido/shopby/gh_sostav_komplekta-unitaz_podvesnoy,	Унитазы Solido подвесные в официальном магазине GROHE,	Унитазы GROHE Solido подвесные. Гарантия 12 мес. Остерегайтесь подделок.,,,,,,,
https://grohe-russia.shop/collections/tempesta/shopby/gh_sostav_komplekta-verhniy_dush,	Верхние души Tempesta в официальном магазине GROHE,	Верхние души GROHE Tempesta. Остерегайтесь подделок. Большой ассортимент.,,,,,,,
https://grohe-russia.shop/dush/dushevye-garnitury/shopby/gh_design_cut-tempesta_rustic-tempesta_cube-tempesta_cosmopolitan-tempesta-new_tempesta_cosmopolitan_100-new_tempesta_100,	Душевые гарнитуры Tempesta в официальном магазине GROHE,	Душевые гарнитуры GROHE Tempesta. Остерегайтесь подделок. Большой ассортимент.,,,,,,,
https://grohe-russia.shop/wc/gigienicheskie-dushi/shopby/gh_design_cut-tempesta_f-tempesta,	Гигиенические души Tempesta в официальном магазине GROHE,	Гигиенические души GROHE Tempesta. Большой ассортимент. Оригинал из Германии.,,,,,,,
https://grohe-russia.shop/gotovye-nabory/gotovye-nabory-dlja-vannoj-komnaty/shopby/gh_design_cut-tempesta-tempesta_system-tempesta_cosmopolitan,	Смесители Tempesta для душа в официальном магазине GROHE,	Смесители GROHE Tempesta для душа. Оригинал из Германии. Доставка по РФ.,,,,,,,
https://grohe-russia.shop/dush/dushevye-sistemy/shopby/gh_design_cut-tempesta_cosmopolitan-tempesta-tempesta_cube-tempesta_rustic-tempesta_system,	Душевые системы Tempesta в официальном магазине GROHE,	Душевые системы GROHE Tempesta. Доставка по РФ. Остерегайтесь подделок.,,,,,,,
https://grohe-russia.shop/dush/shtangi-derzhateli-i-podkljuchenija/shopby/gh_design_cut-tempesta_rustic-tempesta_cosmopolitan-tempesta_classic-tempesta/gh_type-dushevaya_shtanga,	Душевые штанги Tempesta в официальном магазине GROHE,	Душевые штанги GROHE Tempesta. Гарантия 12 мес. Остерегайтесь подделок.,,,,,,,
https://grohe-russia.shop/gotovye-nabory/gotovye-nabory-dlja-dusha/shopby/gh_design_cut-tempesta_cube-tempesta_cosmopolitan-tempesta,	Душевые наборы Tempesta в официальном магазине GROHE,	Душевые наборы GROHE Tempesta. Гарантия 12 мес. Остерегайтесь подделок.,,,,,,,
https://grohe-russia.shop/gotovye-nabory/gotovye-nabory-dlja-dusha/shopby/gh_design_cut-tempesta_cube-tempesta_cosmopolitan-tempesta/,	Комплекты Tempesta в официальном интернет-магазине GROHE,	Комплекты GROHE Tempesta. Остерегайтесь подделок. Большой ассортимент.,,,,,,,
https://grohe-russia.shop/gotovye-nabory/gotovye-nabory-dlja-vannoj-komnaty/shopby/gh_design_cut-tempesta-tempesta_system-tempesta_cosmopolitan/,	Смесители Tempesta в официальном интернет-магазине GROHE,	Смесители GROHE Tempesta. Остерегайтесь подделок. Большой ассортимент.,,,,,,,
https://grohe-russia.shop/wc/sistemy-installjacii-s-unitazom/shopby/gh_tip_smiva-tornado,	Инсталляции Tornado в фирменном интернет-магазине GROHE,	Инсталляции GROHE Tornado. Оригинал из Германии. Остерегайтесь подделок.,,,,,,,
https://grohe-russia.shop/wc/sistemy-installjacii-s-unitazom/shopby/gh_tip_smiva-tornado/,	Инсталляции Tornado с унитазом в магазине GROHE,	Инсталляции GROHE Tornado с унитазом. Доставка по РФ. Гарантия 12 мес.,,,,,,,
https://grohe-russia.shop/wc/sistemy-installjacii-s-unitazom/shopby/gh_tip_smiva-tornado/?,	Системы смыва Tornado в официальном магазине GROHE,	Системы смыва GROHE Tornado. Остерегайтесь подделок. Большой ассортимент.,,,,,,,
https://grohe-russia.shop/wc/keramika/shopby/gh_tip_smiva-tornado,	Унитазы Tornado в официальном интернет-магазине GROHE,	Унитазы GROHE Tornado. Гарантия 12 мес. Сервисный центр. Остерегайтесь подделок.,,,,,,,
https://grohe-russia.shop/wc/keramika/shopby/gh_tip_smiva-tornado/gh_tip_montazha_wc-podvesnoy,	Унитазы Tornado подвесные в официальном магазине GROHE,	Унитазы GROHE Tornado подвесные. Сервисный центр. Остерегайтесь подделок.,,,,,,,
https://grohe-russia.shop/collections/zedra/shopby/gh_sostav_komplekta-smesitel,	Смесители Zedra в официальном интернет-магазине GROHE,	Смесители GROHE Zedra. Остерегайтесь подделок. Большой ассортимент. Рассрочка 0%.,,,,,,,
